,Mean,STD,P-Value,SignificanceLevel,Status
Mathematics,33.06666666666667,2.9032548783888896,0.08,0.05,Normal
Physics,32.81666666666667,3.27358960300293,0.24,0.05,Normal
Chemistry,31.083333333333332,11.971203875225845,0.007,0.05,Not-Normal
Biology,29.566666666666666,12.704810987268651,0.005,0.05,Not-Normal
Computer Science,30.833333333333332,11.736221235512259,0.01,0.05,Not-Normal
