,Mean,STD,P-Value,SignificanceLevel,Status
Bengali,29.133333333333333,12.185328154063892,0.003,0.05,Not-Normal
English,30.25,13.493980139306565,0.0001,0.05,Not-Normal
History,28.95,12.377971023825618,0.001,0.05,Not-Normal
Geography,28.316666666666666,12.111278031469494,0.005,0.05,Not-Normal
Statistics,31.0,11.650464940650794,0.001,0.05,Not-Normal
